{"cameraMode":{"drawMode":0,"name":"Shaded","section":"Shading Mode"},"sceneLighting":false,"audioPlay":false,"sceneViewState":{"showFog":true,"showMaterialUpdate":false,"showSkybox":false,"showFlares":true,"showImageEffects":true,"showParticleSystems":true},"in2DMode":false,"pivot":{"x":-0.010999992489814759,"y":0.0,"z":-7.559999465942383},"rotation":{"x":0.4113893210887909,"y":-0.13857296109199525,"z":0.06345571577548981,"w":0.8986566662788391},"size":2.8578834533691408,"orthographic":false}